age,sex,bmi,children,smoker,region,expenses
29,female,38.8,3,no,southeast,5138.26
28,male,35.4,0,no,northeast,3268.85
31,female,30.5,3,no,northeast,6113.23
29,female,20.2,2,no,northwest,4906.41
41,male,30.6,2,no,northwest,7256.72
53,male,28.9,0,no,northwest,9869.81
35,female,23.5,2,no,northeast,6402.29
46,male,19.9,0,no,northwest,7526.71
22,male,37.6,1,yes,southeast,37165.16
31,male,26.9,1,no,northeast,4441.21
58,female,33.0,0,no,northeast,12430.95
50,male,37.1,1,no,southeast,9048.03
59,male,28.8,0,no,northwest,12129.61
50,female,31.6,2,no,southwest,10118.42
33,male,30.3,0,no,southeast,3704.35
58,female,29.0,0,no,southwest,11842.44
63,female,35.2,1,no,southeast,14474.68
32,female,24.6,0,yes,southwest,17496.31
61,female,29.9,3,yes,southeast,30942.19
22,male,20.0,3,no,northeast,4005.42
32,male,31.5,1,no,southwest,4076.5
63,female,36.3,0,no,southeast,13887.2
52,female,23.2,0,no,northeast,10197.77
31,female,32.7,1,no,northwest,4738.27
36,female,26.9,0,no,northwest,5267.82
25,female,32.2,1,no,southeast,18218.16
22,male,37.1,2,yes,southeast,37484.45
32,female,23.7,1,no,southeast,17626.24
54,female,32.3,1,no,northeast,11512.41
23,male,41.9,0,no,southeast,1837.28
18,female,40.3,0,no,northeast,2217.6
64,female,31.3,2,yes,southwest,47291.06
43,female,26.9,0,yes,northwest,21774.32
44,male,34.3,1,no,southeast,7147.47
31,female,29.3,1,no,southeast,4350.51
46,male,30.5,3,yes,northwest,40720.55
50,female,27.8,3,no,southeast,19749.38
18,male,33.7,0,no,southeast,1136.4
24,male,23.7,0,no,northwest,2352.97
23,female,31.4,0,yes,southwest,34166.27
42,male,31.3,0,no,northwest,6358.78
45,male,20.4,3,no,southeast,8605.36
28,female,34.8,0,no,northwest,3556.92
24,male,40.2,0,yes,southeast,38126.25
22,female,28.1,0,no,southeast,2155.68
18,male,28.3,1,no,northeast,11272.33
21,male,22.3,1,no,southwest,2103.08
53,female,22.9,1,yes,southeast,23244.79
26,female,22.2,0,no,northwest,3176.29
35,male,28.9,3,no,southwest,5926.85
20,male,27.9,0,no,northeast,1967.02
19,female,37.4,0,no,northwest,2138.07
22,male,28.3,1,no,northwest,2639.04
59,female,27.8,3,no,southeast,14001.29
52,male,24.3,3,yes,northeast,24869.84
64,male,34.5,0,no,southwest,13822.8
54,male,30.0,0,no,northwest,24476.48
43,female,24.7,2,yes,northwest,21880.82
44,female,32.3,1,no,southeast,7633.72
18,male,21.6,0,yes,northeast,13747.87
58,male,35.7,0,no,southwest,11362.76
39,female,24.2,5,no,northwest,8965.8
31,female,21.8,0,no,northwest,4134.08
38,male,28.0,1,no,northeast,6067.13
49,female,29.9,0,no,northwest,8988.16
24,male,31.1,0,yes,northeast,34254.05
47,male,38.9,2,yes,southeast,44202.65
45,female,31.8,0,no,southeast,17929.3
26,male,29.2,1,no,southeast,2902.91
48,male,40.2,0,no,southeast,7804.16
40,male,25.1,0,no,southeast,5415.66
35,male,17.9,1,no,northwest,5116.5
45,female,30.5,1,yes,northwest,39725.52
22,female,28.8,0,no,southeast,2156.75
34,female,26.4,1,no,northwest,5385.34
28,male,27.0,2,no,northeast,4435.09
51,female,25.8,1,no,southwest,9861.03
55,female,29.8,0,no,northeast,11286.54
50,male,25.3,0,no,southeast,8442.67
36,female,22.1,3,no,northeast,7228.22
24,female,22.6,0,no,southwest,2457.5
44,male,29.7,2,no,northeast,32108.66
57,female,34.3,2,no,northeast,13224.06
37,male,34.2,1,yes,northeast,39047.29
23,male,37.1,3,no,southwest,3597.6
39,female,22.8,3,no,northeast,7985.82
51,female,35.0,2,yes,northeast,44641.2
19,female,28.4,1,no,southwest,2331.52
46,male,40.4,2,no,northwest,8733.23
53,female,37.4,1,no,northwest,10959.69
43,male,35.0,1,yes,northeast,41034.22
19,female,31.8,1,no,northwest,2719.28
28,female,24.3,1,no,northeast,23288.93
63,male,39.8,3,no,southwest,15170.07
52,male,27.4,0,yes,northwest,24393.62
25,female,41.3,0,no,northeast,17878.9
63,female,37.7,0,yes,southwest,48824.45
18,female,35.6,0,no,northeast,2211.13
24,male,23.4,0,no,southwest,1969.61
64,male,33.9,0,yes,southeast,46889.26
19,male,28.7,0,no,southwest,1253.94
61,female,22.0,0,no,northeast,13616.36
21,male,25.7,4,yes,southwest,17942.11
53,male,34.1,0,yes,northeast,43254.42
39,male,29.9,1,yes,northeast,22462.04
18,male,38.2,0,yes,southeast,36307.8
35,female,34.8,1,no,southwest,5246.05
21,female,35.7,0,no,northwest,2404.73
36,female,25.9,1,no,southwest,5472.45
53,male,28.6,3,no,southwest,11253.42
48,male,30.8,3,no,northeast,10141.14
19,female,30.0,0,yes,northwest,33307.55
24,female,24.2,0,no,northwest,2842.76
61,male,32.3,2,no,northwest,14119.62
64,male,23.8,0,yes,southeast,26926.51
39,male,21.9,1,no,northwest,6117.49
41,male,30.8,3,yes,northeast,39597.41
20,male,28.0,1,yes,northwest,17560.38
64,male,25.6,2,no,southwest,14988.43
50,female,27.4,0,no,northeast,25656.58
47,male,36.2,0,yes,southeast,41676.08
27,male,29.2,0,yes,southeast,18246.5
63,female,26.2,0,no,northwest,14256.19
41,female,28.3,1,no,northwest,7153.55
25,male,25.7,0,no,southeast,2137.65
23,female,24.2,2,no,northeast,22395.74
18,female,31.9,0,no,northeast,2205.98
32,female,41.1,0,no,southwest,3989.84
35,female,38.1,2,no,northeast,24915.05
20,male,33.3,0,no,southeast,1391.53
46,male,25.7,3,no,northwest,9301.89
57,female,23.2,0,no,northwest,11830.61
54,female,23.0,3,no,southwest,12094.48
60,male,40.9,0,yes,southeast,48673.56
47,female,29.5,1,no,northwest,8930.93
51,female,20.6,0,no,southwest,9264.8
59,male,29.8,3,yes,northeast,30184.94
24,female,20.5,0,yes,northeast,14571.89
27,male,33.2,2,no,northwest,4058.71
60,female,32.5,0,yes,southeast,45008.96
19,male,30.6,0,no,northwest,1639.56
56,female,28.8,0,no,northeast,11658.38
51,female,34.2,1,no,southwest,9872.7
62,male,26.7,0,yes,northeast,28101.33
24,male,26.8,1,no,northwest,12609.89
18,male,39.1,0,no,northeast,12890.06
25,female,28.6,0,no,northeast,3213.62
63,male,21.7,1,no,northwest,14349.85
45,female,30.9,2,no,southwest,8520.03
25,female,34.0,1,no,southeast,3227.12
64,male,24.7,1,no,northwest,30166.62
18,female,29.2,0,no,northeast,7323.73
20,female,31.9,0,no,northwest,2261.57
18,male,30.1,0,no,southeast,1131.51
26,female,29.9,2,no,southeast,3981.98
49,male,28.7,1,no,southwest,8703.46
27,male,31.1,1,yes,southeast,34806.47
62,female,30.5,2,no,northwest,15019.76
19,male,34.9,0,yes,southwest,34828.65
35,female,34.2,1,no,southeast,5245.23
20,male,27.3,0,yes,southwest,16232.85
44,female,25.0,1,no,southwest,7623.52
23,female,23.2,2,no,northwest,14426.07
29,male,38.9,1,no,southeast,3471.41
46,female,32.3,2,no,northeast,9411.01
35,male,36.7,1,yes,northeast,39774.28
39,male,28.3,1,yes,southwest,21082.16
47,female,26.6,2,no,northeast,9715.84
49,female,23.8,3,yes,northeast,24106.91
31,male,34.4,3,yes,northwest,38746.36
54,male,32.8,0,no,northeast,10435.07
29,female,21.9,0,yes,northeast,16115.3
23,male,17.4,1,no,northwest,2775.19
19,male,34.8,0,yes,southwest,34779.62
26,female,29.9,1,no,southeast,3392.98
19,male,25.6,0,no,northwest,1632.56
18,male,26.2,2,no,southeast,2304.0
41,female,32.6,3,no,southwest,7954.52
21,female,32.7,2,no,northwest,26018.95
18,male,33.3,0,no,southeast,1135.94
45,male,22.9,2,yes,northwest,21098.55
58,male,25.2,0,no,northeast,11931.13
46,male,38.2,2,no,southeast,8347.16
38,female,40.6,1,no,northwest,6373.56
23,male,32.7,3,no,southwest,3591.48
25,male,45.5,2,yes,southeast,42112.24
25,male,26.7,4,no,northwest,4877.98
61,male,38.4,0,no,northwest,12950.07
35,male,34.8,2,no,northwest,5729.01
27,female,36.1,0,yes,southeast,37133.9
49,female,30.8,1,no,northeast,9778.35
51,male,33.3,3,no,southeast,10560.49
56,male,32.1,1,no,northeast,11763.0
44,female,27.5,1,no,southwest,7626.99
34,male,32.8,1,no,southwest,14358.36
40,male,41.7,0,no,southeast,5438.75
39,male,26.2,1,no,northwest,6123.57
61,male,43.4,0,no,southwest,12574.05
60,female,25.8,0,no,northwest,28923.14
54,female,24.6,3,no,northwest,12479.71
57,male,31.5,0,no,northwest,11353.23
27,male,18.9,3,no,northeast,4827.9
19,female,22.5,0,no,northwest,2117.34
47,male,28.2,4,no,northeast,10407.09
32,female,31.5,1,no,northeast,5148.55
43,male,27.8,0,yes,southwest,37829.72
46,male,33.4,1,no,northeast,8334.59
25,male,24.1,0,yes,northwest,15817.99
43,female,32.6,3,yes,southeast,40941.29
55,male,38.3,0,no,southeast,10226.28
48,male,35.6,4,no,northeast,10736.87
38,male,21.1,3,no,southeast,6652.53
19,male,33.1,0,no,southwest,23082.96
56,female,39.8,0,no,southeast,11090.72
34,female,29.3,3,no,southeast,6184.3
51,female,34.1,0,no,southeast,9283.56
29,male,37.3,2,no,southeast,4058.12
42,male,26.9,0,no,southwest,5969.72
56,female,33.8,2,no,northwest,12643.38
55,female,37.1,0,no,southwest,10713.64
62,female,36.9,1,no,northeast,31620.0
57,male,27.9,1,no,southeast,11554.22
45,female,36.3,2,no,southeast,8527.53
36,female,19.9,0,no,northeast,5458.05
18,male,33.5,0,yes,northeast,34617.84
25,female,24.3,3,no,southwest,4391.65
64,female,31.8,2,no,northeast,16069.08
31,female,31.1,0,no,northeast,4347.02
52,female,31.7,2,no,northwest,11187.66
61,male,28.3,1,yes,northwest,28868.66
26,female,40.2,0,no,northwest,3201.25
55,female,30.1,2,no,southeast,11881.97
26,male,35.4,0,no,southeast,2322.62
45,male,24.0,2,no,northeast,8604.48
19,female,40.5,0,no,southwest,1759.34
18,male,27.4,1,yes,northeast,17178.68
44,female,37.0,1,no,northwest,8023.14
36,female,29.0,4,no,southeast,7243.81
46,female,27.7,1,no,southeast,8232.64
29,male,27.9,0,no,southeast,2867.12
31,male,29.8,0,yes,southeast,19350.37
26,male,33.9,1,no,northwest,3292.53
59,female,26.7,3,no,northwest,14382.71
56,female,35.8,1,no,southwest,11674.13
33,male,27.1,1,yes,southwest,19040.88
30,female,22.9,1,no,northeast,4719.52
47,male,36.2,1,no,southwest,8068.19
18,female,20.8,0,no,southeast,1607.51
51,female,18.1,0,no,northwest,9644.25
32,female,29.6,1,no,southeast,4562.84
36,male,33.8,1,no,northwest,5377.46
31,male,20.4,0,no,southwest,3260.2
44,male,25.4,1,no,northwest,7518.03
18,male,53.1,0,no,southeast,1163.46
38,female,27.8,2,no,northeast,7144.86
18,male,34.4,0,no,southeast,1137.47
56,male,26.7,1,yes,northwest,26109.33
44,female,43.9,2,yes,southeast,46200.99
31,female,25.7,0,no,southeast,3756.62
23,male,18.7,0,no,northwest,21595.38
58,male,36.1,0,no,southeast,11363.28
19,female,30.5,0,no,northwest,2128.43
26,male,20.8,0,no,southwest,2302.3
45,female,35.8,0,no,northwest,7731.86
46,male,42.4,3,yes,southeast,46151.12
58,male,38.0,0,no,southwest,11365.95
55,male,37.3,0,no,southwest,20630.28
39,male,35.3,2,yes,southwest,40103.89
19,female,27.9,0,yes,southwest,16884.92
47,female,27.6,2,yes,northwest,24535.7
51,female,33.9,0,no,northeast,9866.3
22,female,21.3,3,no,northwest,4296.27
55,male,32.8,0,no,northwest,10601.63
38,male,31.0,1,no,southwest,5488.26
35,female,27.7,3,no,southwest,6414.18
23,male,35.2,1,no,southwest,2416.96
34,female,27.5,1,no,southwest,5003.85
53,male,29.5,0,no,southeast,9487.64
45,male,28.7,2,no,southwest,8027.97
30,female,23.7,3,yes,northwest,18765.88
61,male,33.5,0,no,northeast,13143.34
29,female,24.6,2,no,southwest,4529.48
48,female,28.9,1,no,northwest,9249.5
51,female,40.7,0,no,northeast,9875.68
42,male,30.0,0,yes,southwest,22144.03
52,male,34.1,0,no,southeast,9140.95
35,male,27.1,1,no,southwest,4746.34
18,female,31.4,0,no,southeast,1622.19
38,male,19.3,0,yes,southwest,15820.7
53,female,39.6,1,no,southeast,10579.71
40,female,28.7,3,no,northwest,8059.68
36,male,30.9,1,no,northwest,5373.36
59,male,37.1,1,no,southwest,12347.17
52,male,33.3,0,no,northeast,9722.77
62,male,31.5,1,no,southeast,27000.98
18,male,30.4,3,no,northeast,3481.87
19,female,23.4,2,no,southwest,2913.57
25,female,30.3,0,no,southwest,2632.99
49,male,31.4,1,no,northeast,9290.14
31,male,25.9,1,no,northwest,4239.89
21,male,31.3,0,no,northwest,1909.53
22,male,39.5,0,no,southwest,1682.6
52,male,32.2,3,no,northeast,11488.32
51,male,24.8,2,yes,northwest,23967.38
40,female,22.2,2,yes,southeast,19444.27
24,male,35.9,0,no,southeast,1986.93
41,female,28.1,1,no,southeast,6770.19
54,female,32.7,0,no,northeast,10923.93
61,male,35.9,0,yes,southeast,46599.11
19,male,24.6,1,no,southwest,1837.24
64,female,36.0,0,no,southeast,14313.85
49,male,35.9,0,no,southeast,8124.41
50,male,34.2,2,yes,southwest,42856.84
50,female,25.6,0,no,southwest,8932.08
28,male,30.9,0,no,northwest,3062.51
35,female,35.9,2,no,southeast,5836.52
35,female,28.0,0,yes,northwest,20234.85
59,female,36.5,1,no,southeast,28287.9
20,male,30.1,5,no,northeast,4915.06
34,female,33.7,1,no,southwest,5012.47
29,male,22.5,3,no,northeast,5209.58
48,male,24.4,0,yes,southeast,21223.68
45,female,35.3,0,no,southwest,7348.14
56,male,22.1,0,no,southwest,10577.09
49,female,31.9,5,no,southwest,11552.9
59,female,23.7,0,yes,northwest,25678.78
47,male,29.8,3,yes,southwest,25309.49
29,male,35.5,2,yes,southwest,44585.46
49,female,23.2,2,no,northwest,10156.78
49,male,22.5,0,no,northeast,8688.86
58,female,36.5,0,no,northwest,12235.84
30,male,37.4,3,no,northeast,5428.73
40,female,25.5,1,no,northeast,7077.19
42,female,41.3,1,no,northeast,7650.77
52,male,34.5,3,yes,northwest,60021.4
19,male,35.4,0,no,southwest,1263.25
25,male,26.2,0,no,northeast,2721.32
18,male,41.1,0,no,southeast,1146.8
62,female,32.7,0,no,northwest,13844.8
39,female,23.9,5,no,southeast,8582.3
32,male,27.8,1,no,northwest,4454.4
53,male,36.6,3,no,southwest,11264.54
38,female,34.8,2,no,southwest,6571.54
19,male,35.5,0,no,northwest,1646.43
43,female,34.4,3,no,southwest,8522.0
53,female,38.1,3,no,southeast,20463.0
28,female,27.5,2,no,southwest,20177.67
43,male,23.2,0,no,southwest,6250.44
47,male,25.4,1,yes,southeast,21978.68
50,male,26.6,0,no,southwest,8444.47
30,male,25.5,0,no,northeast,3645.09
44,female,29.8,2,no,southeast,8219.2
36,female,27.7,0,no,northeast,5469.01
42,female,37.9,0,no,southwest,6474.01
32,male,35.2,2,no,southwest,4670.64
57,male,18.3,0,no,northeast,11534.87
30,female,27.9,0,no,northeast,4137.52
41,male,33.6,0,no,southeast,5699.84
50,male,32.3,2,no,southwest,9630.4
42,female,40.4,2,yes,southeast,43896.38
51,male,30.0,1,no,southeast,9377.9
55,female,29.7,2,no,southwest,11881.36
49,male,30.9,0,yes,southwest,39727.61
30,male,24.4,3,yes,southwest,18259.22
19,female,32.1,0,no,northwest,2130.68
48,female,28.9,0,no,southwest,8277.52
29,female,21.8,1,yes,northeast,16657.72
34,male,42.9,1,no,southwest,4536.26
20,female,29.6,0,no,southwest,1875.34
33,female,38.9,3,no,southwest,5972.38
52,female,46.8,5,no,southeast,12592.53
21,male,31.1,0,no,southwest,1526.31
64,male,40.5,0,no,southeast,13831.12
27,male,30.3,3,no,southwest,4260.74
54,male,40.6,3,yes,northeast,48549.18
59,female,26.5,0,no,northeast,12815.44
43,female,46.2,0,yes,southeast,45863.21
48,male,31.4,1,no,northeast,8964.06
40,female,32.8,2,yes,northwest,40003.33
63,male,33.7,3,no,southeast,15161.53
40,male,41.2,1,no,northeast,6610.11
57,male,28.1,0,no,southwest,10965.45
39,male,34.1,2,no,southeast,23563.02
62,female,31.7,0,no,northeast,14043.48
51,female,36.4,3,no,northwest,11436.74
58,male,23.3,0,no,southwest,11345.52
42,male,24.6,0,yes,southeast,19515.54
46,female,33.7,1,no,northeast,8823.99
36,male,33.4,2,yes,southwest,38415.47
54,male,39.6,1,no,southwest,10450.55
18,female,30.3,0,no,northeast,2203.74
21,male,26.0,0,no,northeast,2102.26
18,male,23.8,0,no,northeast,1705.62
52,female,25.3,2,yes,southeast,24667.42
48,female,27.4,1,no,northeast,9447.38
23,male,34.4,0,no,southwest,1826.84
60,male,25.7,0,no,southeast,12142.58
37,female,38.4,0,yes,southeast,40419.02
18,female,38.7,2,no,northeast,3393.36
54,female,47.4,0,yes,southeast,63770.43
61,male,31.6,0,no,southeast,12557.61
55,female,27.0,0,no,northwest,11082.58
35,female,35.8,1,no,northwest,5630.46
42,male,24.9,0,no,southeast,5966.89
28,male,24.0,3,yes,southeast,17663.14
58,female,33.4,0,no,northwest,12231.61
54,female,35.8,3,no,northwest,12495.29
23,female,33.4,0,no,southwest,10795.94
27,female,30.4,3,no,northwest,18804.75
53,male,41.5,0,no,southeast,9504.31
35,female,31.0,1,no,southwest,5240.77
33,male,29.4,4,no,southwest,6059.17
29,male,33.3,2,no,northwest,19442.35
59,male,26.4,0,no,southeast,11743.3
22,male,28.9,0,no,northeast,2250.84
60,female,24.5,0,no,southeast,12629.9
46,female,23.7,1,yes,northwest,21677.28
59,male,29.7,2,no,southeast,12925.89
32,female,37.1,3,no,northeast,6334.34
41,female,31.6,1,no,northeast,7358.18
39,female,32.5,1,no,southwest,6238.3
38,female,37.7,0,no,southeast,5397.62
40,female,29.6,0,no,southwest,5910.94
41,male,34.2,2,no,northwest,7261.74
56,female,25.3,0,no,southwest,11070.54
27,female,23.2,1,no,southeast,3561.89
34,female,38.0,3,no,southwest,6196.45
52,male,36.7,0,no,southwest,9144.57
54,male,33.6,1,no,northwest,10825.25
18,male,21.8,2,no,southeast,11884.05
40,male,25.0,2,no,southeast,6593.51
30,female,39.1,3,yes,southeast,40932.43
37,female,30.8,2,no,southeast,6313.76
19,male,27.7,0,yes,southwest,16297.85
48,male,30.2,2,no,southwest,8968.33
29,male,29.7,2,no,northwest,18157.88
28,female,28.9,1,no,northeast,4337.74
20,male,30.7,0,yes,northeast,33475.82
19,female,32.9,0,no,southwest,1748.77
19,male,20.9,1,no,southwest,1832.09
47,male,28.2,3,yes,northwest,24915.22
50,female,27.1,1,no,northeast,10106.13
19,male,17.5,0,no,northwest,1621.34
37,male,46.5,3,no,southeast,6435.62
30,male,24.1,1,no,northwest,4032.24
30,female,32.4,1,no,southwest,4149.74
62,female,26.3,0,yes,southeast,27808.73
45,female,25.2,2,no,northeast,9095.07
36,female,22.6,2,yes,southwest,18608.26
50,female,30.1,1,no,northwest,9910.36
43,female,34.6,1,no,northwest,7727.25
27,female,30.6,1,no,northeast,16796.41
18,male,43.0,0,no,southeast,1149.4
40,male,29.4,1,no,northwest,6393.6
44,male,22.1,2,no,northeast,8302.54
44,male,39.5,0,no,northwest,6948.7
40,female,28.1,1,yes,northeast,22331.57
18,male,17.3,2,yes,northeast,12829.46
60,female,35.1,0,no,southwest,12644.59
19,female,17.8,0,no,southwest,1727.79
33,male,27.5,2,no,northwest,5261.47
51,male,36.0,1,no,southeast,9386.16
42,female,29.5,2,no,southeast,7640.31
58,male,30.3,0,no,northeast,11938.26
63,female,23.1,0,no,northeast,14451.84
19,male,20.4,0,no,northwest,1625.43
25,female,42.1,1,no,southeast,3238.44
35,male,24.4,3,yes,southeast,19362.0
56,male,33.7,4,no,southeast,12949.16
41,male,29.6,5,no,northeast,9222.4
44,male,27.4,2,no,southwest,7726.85
29,female,32.1,2,no,northwest,4922.92
31,male,28.6,1,no,northwest,4243.59
18,male,31.7,0,yes,northeast,33732.69
46,female,48.1,2,no,northeast,9432.93
60,female,28.7,1,no,southwest,13224.69
62,male,32.1,0,no,northeast,13555.0
37,male,29.8,2,no,northeast,6406.41
61,male,33.9,0,no,northeast,13143.86
32,male,37.3,1,no,northeast,4667.61
62,male,30.0,0,no,northwest,13352.1
40,female,41.4,1,no,northwest,28476.73
23,female,28.0,0,no,southwest,13126.68
18,female,33.2,0,no,northeast,2207.7
21,male,31.0,0,no,southeast,16586.5
23,male,23.8,0,no,northeast,2395.17
21,male,36.9,0,no,northwest,1917.32
19,female,28.6,5,no,southwest,4687.8
58,female,41.9,0,no,southeast,24227.34
54,male,30.8,1,yes,southeast,41999.52
24,male,25.8,0,no,southwest,1972.95
55,female,32.8,2,no,northwest,12268.63
37,female,17.3,2,no,northeast,6877.98
20,female,31.8,2,no,southeast,3056.39
22,female,20.2,0,no,northwest,2527.82
59,male,24.7,0,no,northeast,12323.94
22,male,31.7,0,no,northeast,2254.8
34,female,37.3,2,no,northwest,5989.52
36,male,31.5,0,no,southwest,4402.23
23,female,28.5,1,yes,southeast,18328.24
24,female,25.3,0,no,northeast,3044.21
35,female,26.1,0,no,northeast,5227.99
26,female,42.4,1,no,southwest,3410.32
21,female,17.4,1,no,southwest,2585.27
19,female,24.7,0,no,southwest,1737.38
19,female,24.6,1,no,northwest,2709.24
37,male,29.6,0,no,northwest,5028.15
43,male,26.0,0,no,northeast,6837.37
26,female,22.6,0,no,northwest,3176.82
58,female,33.1,0,no,southwest,11848.14
19,female,34.7,2,yes,southwest,36397.58
49,male,28.7,3,no,northwest,10264.44
18,female,39.2,0,no,southeast,1633.04
32,female,33.2,3,no,northwest,6128.8
59,female,27.5,0,no,southwest,12233.83
22,female,34.6,2,no,northeast,3925.76
31,male,28.5,5,no,northeast,6799.46
42,male,24.6,2,yes,northeast,21259.38
45,male,27.5,3,no,southwest,8615.3
47,female,32.0,1,no,southwest,8551.35
52,female,31.2,0,no,southwest,9625.92
29,female,29.6,1,no,southeast,3947.41
57,male,29.0,0,yes,northeast,27218.44
51,male,23.2,1,yes,southeast,22218.11
34,male,25.3,2,yes,southeast,18972.5
53,male,26.4,2,no,northeast,11244.38
63,male,36.8,0,no,northeast,13981.85
20,female,21.8,0,yes,southwest,20167.34
27,male,28.5,0,yes,northwest,18310.74
37,female,23.4,2,no,northwest,6686.43
32,female,29.8,2,no,southwest,5152.13
38,female,30.2,3,no,northwest,7537.16
56,female,25.7,0,no,northwest,11454.02
25,male,25.0,2,no,northeast,23241.47
44,male,30.2,2,yes,southwest,38998.55
55,female,25.4,3,no,northeast,13047.33
24,male,33.6,4,no,northeast,17128.43
61,female,29.1,0,yes,northwest,29141.36
61,female,28.2,0,no,southwest,13041.92
32,female,17.8,2,yes,northwest,32734.19
37,male,34.1,4,yes,southwest,40182.25
55,male,30.7,0,yes,northeast,42303.69
47,female,45.3,1,no,southeast,8569.86
32,male,37.2,2,no,southeast,4673.39
57,male,43.7,1,no,southwest,11576.13
36,male,28.9,3,no,northeast,6748.59
53,female,35.9,2,no,southwest,11163.57
19,female,24.5,1,no,northwest,2709.11
47,female,36.0,1,no,southwest,8556.91
43,male,38.1,2,yes,southeast,42560.43
24,male,28.5,2,no,northwest,3537.7
64,female,33.8,1,yes,southwest,47928.03
30,female,30.9,3,no,southwest,5325.65
62,male,38.8,0,no,southeast,12981.35
63,female,27.7,0,yes,northeast,29523.17
51,male,27.7,1,no,northeast,9957.72
31,female,36.6,2,no,southeast,4949.76
47,male,36.1,1,yes,southeast,42211.14
22,male,25.2,0,no,northwest,2045.69
42,female,25.0,2,no,northwest,8017.06
41,female,31.6,0,no,southwest,6186.13
52,male,32.8,3,no,northwest,11289.11
18,female,24.1,1,no,southeast,2201.1
24,female,29.9,0,no,northwest,2850.68
38,female,19.5,2,no,northwest,6933.24
18,male,35.2,1,no,southeast,1727.54
28,male,33.0,3,no,southeast,4449.46
48,female,32.2,1,no,southeast,8871.15
18,male,28.5,0,no,northeast,1712.23
50,male,36.2,0,no,southwest,8457.82
26,female,19.8,1,no,southwest,3378.91
40,female,36.2,0,no,southeast,5920.1
45,female,38.3,0,no,northeast,7935.29
54,male,29.2,1,no,southwest,10436.1
64,male,38.2,0,no,northeast,14410.93
36,female,26.2,0,no,southwest,4883.87
24,male,32.0,0,no,southeast,1981.58
48,male,40.6,2,yes,northwest,45702.02
46,female,28.9,2,no,southwest,8823.28
43,female,30.7,2,no,northwest,8310.84
39,female,26.3,2,no,northwest,7201.7
33,female,24.3,0,no,southeast,4185.1
28,female,26.5,2,no,southeast,4340.44
30,male,31.6,3,no,southeast,4837.58
62,female,33.0,3,no,northwest,15612.19
50,male,44.8,1,no,southeast,9058.73
42,female,23.4,0,yes,northeast,19964.75
38,female,30.7,1,no,southeast,5976.83
39,male,45.4,2,no,southeast,6356.27
53,female,32.3,2,no,northeast,29186.48
63,female,25.1,0,no,northwest,14254.61
62,female,39.2,0,no,southeast,13470.8
26,male,29.5,0,no,northeast,2897.32
30,male,27.6,1,no,northeast,4237.13
55,female,35.2,0,yes,southeast,44423.8
24,female,27.6,0,no,southwest,18955.22
47,male,19.2,1,no,northeast,8627.54
48,male,28.0,1,yes,southwest,23568.27
42,female,33.2,1,no,northeast,7639.42
50,male,32.3,1,yes,northeast,41919.1
32,male,28.9,1,yes,southeast,19719.69
29,male,27.2,0,no,southwest,2866.09
50,male,32.1,2,no,northeast,25333.33
43,female,35.7,2,no,northeast,19144.58
28,female,33.0,2,no,southeast,4349.46
21,female,21.9,1,yes,northeast,15359.1
23,male,31.7,3,yes,northeast,36189.1
53,female,26.7,2,no,southwest,11150.78
48,female,41.2,4,no,northwest,11033.66
42,female,25.3,1,no,southwest,7045.5
25,male,23.9,5,no,southwest,5080.1
37,male,22.7,3,no,northeast,6985.51
61,female,35.9,0,no,northeast,13635.64
49,female,33.3,2,no,northeast,10370.91
19,male,22.6,0,no,northwest,1628.47
38,male,37.1,1,no,northeast,6079.67
25,male,25.8,1,no,northeast,3309.79
36,female,30.0,0,no,northwest,5272.18
51,female,39.5,1,no,southwest,9880.07
24,female,26.6,0,no,northeast,3046.06
51,female,38.1,0,yes,southeast,44400.41
40,male,19.8,1,yes,southeast,17179.52
54,female,21.5,3,no,northwest,12475.35
40,male,32.8,1,yes,northeast,39125.33
48,female,35.9,1,no,northeast,26392.26
37,male,24.3,2,no,northwest,6198.75
33,female,26.7,0,no,northwest,4571.41
23,female,28.1,0,no,northwest,2690.11
18,female,42.2,0,yes,southeast,38792.69
42,male,26.1,1,yes,southeast,38245.59
31,male,27.6,2,no,northeast,5031.27
35,male,24.1,1,no,northwest,5125.22
39,female,34.1,3,no,southwest,7418.52
20,female,37.0,5,no,southwest,4830.63
18,female,26.3,0,no,northeast,2198.19
34,male,27.0,2,no,southwest,11737.85
38,female,20.0,2,no,northeast,7133.9
48,male,36.7,1,no,northwest,28468.92
25,female,30.2,0,yes,southwest,33900.65
33,female,42.9,3,no,northwest,6360.99
54,male,34.2,2,yes,southeast,44260.75
37,male,28.0,2,no,northwest,6203.9
58,male,28.6,0,no,northwest,11735.88
19,female,28.9,0,yes,northwest,17748.51
18,male,33.8,1,no,southeast,1725.55
54,female,31.9,1,no,southeast,10928.85
42,male,35.8,2,no,southwest,7160.09
39,female,34.3,5,no,southeast,8596.83
32,female,29.7,0,no,northwest,4357.04
45,female,27.8,2,no,southeast,8515.76
36,male,35.2,1,yes,southeast,38709.18
40,male,32.3,2,no,northwest,6986.7
19,male,21.8,0,no,northwest,1627.28
60,female,27.6,0,no,northeast,13217.09
37,female,26.4,0,yes,southeast,19539.24
60,male,33.1,3,no,southeast,13919.82
23,female,39.3,2,no,southeast,3500.61
36,male,29.7,0,no,southeast,4399.73
46,female,34.6,1,yes,southwest,41661.6
30,female,28.4,1,no,northwest,4527.18
27,female,34.8,1,no,southwest,3578.0
48,female,22.8,0,no,southwest,8269.04
57,female,29.8,0,yes,southeast,27533.91
54,male,24.0,0,no,northeast,10422.92
22,male,26.8,0,no,southeast,1665.0
34,male,25.3,1,no,northwest,4894.75
28,male,36.4,1,yes,southwest,51194.56
50,female,26.2,2,no,northwest,10493.95
60,male,31.4,3,yes,northwest,46130.53
19,male,20.6,2,no,northwest,2803.7
26,male,27.3,3,no,northeast,4661.29
31,male,31.1,3,no,northwest,5425.02
52,female,24.9,0,no,southeast,27117.99
20,male,40.5,0,no,northeast,1984.45
38,female,28.0,3,no,southwest,7151.09
23,male,26.5,0,no,southeast,1815.88
58,female,22.8,0,no,southeast,11833.78
34,male,34.2,0,no,southeast,3935.18
35,male,38.6,1,no,southwest,4762.33
24,male,29.8,0,yes,northeast,18648.42
34,female,31.9,1,yes,northeast,37701.88
53,female,24.8,1,no,northwest,10942.13
57,female,30.5,0,no,northwest,11840.78
34,male,21.4,0,no,northeast,4500.34
19,male,30.3,0,yes,southeast,32548.34
28,male,23.8,2,no,southwest,3847.67
39,male,32.3,2,no,southeast,6338.08
47,female,26.1,1,yes,northeast,23401.31
57,female,20.1,1,no,southwest,12032.33
54,female,30.8,3,no,southwest,12105.32
46,female,20.0,2,no,northwest,9193.84
26,female,29.4,2,no,northeast,4564.19
36,male,41.9,3,yes,northeast,43753.34
19,female,28.3,0,yes,northwest,17468.98
18,female,33.9,0,no,southeast,11482.63
19,male,30.6,0,no,northwest,1639.56
21,female,33.6,2,no,northwest,3579.83
21,female,25.8,0,no,southwest,2007.95
19,male,25.6,1,no,northwest,2221.56
45,male,23.6,2,no,northeast,8603.82
40,female,27.4,1,no,southwest,6496.89
44,male,32.0,2,no,northwest,8116.27
19,male,27.6,0,no,southwest,1252.41
58,female,32.4,1,no,northeast,13019.16
47,female,29.4,1,no,southeast,8547.69
52,female,30.9,0,no,northeast,23045.57
18,female,38.2,0,no,southeast,1631.67
56,female,28.3,0,no,northeast,11657.72
45,male,39.8,0,no,northeast,7448.4
29,male,32.1,2,no,northwest,4433.92
30,male,23.0,2,yes,northwest,17361.77
30,male,35.5,0,yes,southeast,36950.26
63,male,41.5,0,no,southeast,13405.39
45,female,40.0,3,no,northeast,9704.67
44,female,27.6,0,no,northwest,7421.19
23,female,28.3,0,yes,northwest,18033.97
24,male,32.7,0,yes,southwest,34472.84
36,female,29.9,1,no,southeast,5478.04
24,female,34.0,0,no,southeast,2473.33
33,female,22.1,1,no,northeast,5354.07
64,male,26.4,0,no,northeast,14394.56
57,female,31.8,0,no,northwest,11842.62
21,male,27.4,0,no,northeast,2104.11
48,male,29.7,0,no,southeast,7789.64
58,female,28.2,0,no,northwest,12224.35
21,male,29.0,0,no,northwest,1906.36
37,male,30.9,3,no,northwest,6796.86
35,female,34.1,3,yes,northwest,39983.43
26,male,32.5,1,no,northeast,3490.55
33,female,28.3,1,no,southeast,4779.6
54,male,25.1,3,yes,southwest,25382.3
39,female,41.8,0,no,southeast,5662.23
18,female,39.8,0,no,southeast,1633.96
62,male,30.9,3,yes,northwest,46718.16
19,male,26.0,1,yes,northwest,16450.89
48,female,27.9,4,no,northwest,11015.17
37,male,37.1,1,yes,southeast,39871.7
23,male,27.4,1,no,northwest,2789.06
22,female,30.4,0,yes,northwest,33907.55
37,male,30.8,0,no,southwest,4646.76
50,female,23.5,2,no,southeast,10107.22
49,male,25.8,1,no,northeast,9282.48
43,male,32.6,2,no,southwest,7441.5
45,female,27.6,1,no,northwest,28340.19
19,female,27.9,3,no,northwest,18838.7
23,female,35.0,3,no,northwest,4466.62
29,male,22.9,0,yes,northeast,16138.76
33,male,42.4,5,no,southwest,6666.24
24,female,33.3,0,no,northwest,2855.44
27,male,26.0,0,no,northeast,3070.81
36,male,28.0,1,yes,northeast,20773.63
56,male,39.6,0,no,southwest,10601.41
30,male,28.7,3,yes,northwest,20745.99
18,female,21.7,0,yes,northeast,14283.46
20,male,35.3,1,no,southeast,27724.29
43,female,29.9,1,no,southwest,7337.75
59,female,32.1,3,no,southwest,14007.22
46,male,43.9,3,no,southeast,8944.12
43,male,25.5,5,no,southeast,14478.33
20,male,31.1,2,no,southeast,2566.47
49,female,36.6,3,no,southeast,10381.48
48,female,31.1,0,no,southeast,8280.62
48,female,36.6,0,no,northwest,8671.19
43,male,35.3,2,no,southeast,18806.15
38,male,20.0,1,no,northwest,5855.9
56,female,28.6,0,no,northeast,11658.12
64,female,30.1,3,no,northwest,16455.71
55,male,21.5,1,no,southwest,10791.96
18,female,36.9,0,yes,southeast,36149.48
23,male,32.6,0,no,southeast,1824.29
42,male,37.2,2,no,southeast,7162.01
51,female,37.1,3,yes,northeast,46255.11
50,male,27.5,1,no,northeast,9617.66
26,male,27.1,0,yes,southeast,17043.34
23,female,34.9,0,no,northeast,2899.49
21,male,36.9,0,no,southeast,1534.3
33,male,42.5,1,no,southeast,11326.71
18,female,30.1,0,no,northeast,2203.47
57,female,24.0,1,no,southeast,22192.44
39,female,23.3,3,no,northeast,7986.48
57,male,40.4,0,no,southeast,10982.5
22,female,39.8,0,no,northeast,2755.02
58,male,49.1,0,no,southeast,11381.33
48,female,27.3,1,no,northeast,9447.25
57,male,34.0,0,no,northwest,11356.66
58,male,34.4,0,no,northwest,11743.93
60,male,28.6,0,no,northeast,30260.0
34,male,35.8,0,no,northwest,4320.41
62,female,38.1,2,no,northeast,15230.32
18,female,26.7,0,no,southeast,1615.77
50,male,25.4,2,no,northwest,30284.64
19,male,30.4,0,no,southwest,1256.3
26,male,46.5,1,no,southeast,2927.06
50,female,28.2,3,no,southeast,10702.64
44,female,20.2,1,yes,northeast,19594.81
31,female,38.1,1,yes,northeast,58571.07
52,female,44.7,3,no,southwest,11411.69
18,male,26.1,0,no,northeast,1708.93
37,male,36.2,0,no,southeast,19214.71
53,female,33.3,0,no,northeast,10564.88
44,male,38.1,1,no,southeast,7152.67
21,female,22.1,0,no,northeast,2585.85
27,female,18.0,2,yes,northeast,15006.58
38,male,16.8,2,no,northeast,6640.54
39,female,24.9,3,yes,northeast,21659.93
34,male,34.7,0,no,northeast,4518.83
18,male,25.2,0,yes,northeast,15518.18
64,female,39.7,0,no,southwest,14319.03
41,male,32.2,2,no,southwest,6875.96
33,male,35.8,1,yes,southeast,38282.75
46,male,22.3,0,no,southwest,7147.11
24,female,27.7,0,no,southeast,2464.62
57,female,31.2,0,yes,northwest,43578.94
50,female,33.7,4,no,southwest,11299.34
58,female,31.8,2,no,northeast,13607.37
30,male,31.4,1,no,southwest,3659.35
47,female,36.6,1,yes,southeast,42969.85
37,female,29.5,2,no,southwest,6311.95
61,female,33.3,4,no,southeast,36580.28
47,male,29.8,3,no,northwest,9620.33
36,male,27.6,3,no,northeast,6746.74
60,male,24.3,0,no,northwest,12523.6
52,female,24.1,1,yes,northwest,23887.66
61,female,44.0,0,no,southwest,13063.88
51,male,22.4,0,no,northeast,9361.33
28,male,33.8,0,no,northwest,19673.34
60,male,28.9,0,no,southwest,12146.97
35,female,43.3,2,no,southeast,5846.92
27,male,33.7,0,no,southeast,2498.41
52,male,36.8,2,no,northwest,26467.1
34,male,22.4,2,no,northeast,27375.9
33,male,24.8,0,yes,northeast,17904.53
20,female,28.8,0,no,northeast,2457.21
18,male,30.0,1,no,southeast,1720.35
60,female,36.0,0,no,northeast,13228.85
57,female,25.7,2,no,southeast,12629.17
21,male,23.2,0,no,southeast,1515.34
49,female,22.6,1,no,northwest,9566.99
41,female,36.1,1,no,southeast,6781.35
42,male,34.1,0,no,southwest,5979.73
43,female,35.6,1,no,southeast,7345.73
44,male,21.9,3,no,northeast,8891.14
51,male,25.4,0,no,southwest,8782.47
53,male,20.9,0,yes,southeast,21195.82
52,male,30.2,1,no,southwest,9724.53
63,male,30.8,0,no,southwest,13390.56
41,female,33.2,3,no,northeast,8538.29
47,male,47.5,1,no,southeast,8083.92
54,female,28.9,2,no,northeast,12096.65
38,male,27.8,2,no,northwest,6455.86
19,male,34.4,0,no,southwest,1261.86
57,male,42.1,1,yes,southeast,48675.52
19,female,32.5,0,yes,northwest,36898.73
18,female,37.3,1,no,southeast,2219.45
63,female,36.9,0,no,southeast,13887.97
51,male,42.9,2,yes,southeast,47462.89
30,male,35.3,0,yes,southwest,36837.47
18,male,37.3,0,no,southeast,1141.45
57,female,28.7,0,no,southwest,11455.28
49,male,29.8,1,no,northeast,9288.03
27,female,24.8,0,yes,southeast,16577.78
25,male,30.6,0,no,northeast,2727.4
33,male,24.6,2,no,northwest,5257.51
43,male,27.4,3,no,northeast,8606.22
38,female,27.3,1,no,northeast,6555.07
25,male,35.6,0,no,northwest,2534.39
31,female,25.8,2,no,southwest,4934.71
49,male,32.3,3,no,northwest,10269.46
18,female,32.1,2,no,southeast,2801.26
19,male,44.9,0,yes,southeast,39722.75
27,female,24.1,0,no,southwest,2974.13
30,female,20.0,3,no,northwest,5693.43
48,male,32.3,1,no,northwest,8765.25
26,female,29.6,4,no,northeast,24671.66
39,female,18.3,5,yes,southwest,19023.26
27,female,20.0,3,yes,northwest,16420.49
28,female,33.4,0,no,southwest,3172.02
61,female,21.1,0,no,northwest,13415.04
18,male,23.1,0,no,northeast,1704.7
27,female,21.5,0,no,northwest,3353.47
53,male,24.3,0,no,northwest,9863.47
51,female,37.7,1,no,southeast,9877.61
64,male,39.2,1,no,southeast,14418.28
42,female,36.2,1,no,northwest,7443.64
18,female,40.2,0,no,northeast,2217.47
51,male,32.3,1,no,northeast,9964.06
24,male,29.3,0,no,southwest,1977.82
57,female,22.2,0,no,northeast,12029.29
33,female,33.5,0,yes,southwest,37079.37
42,female,32.9,0,no,northeast,7050.02
26,male,23.7,2,no,southwest,3484.33
28,female,25.8,0,no,southwest,3161.45
28,male,38.1,0,no,southeast,2689.5
18,female,30.1,0,no,northeast,21344.85
18,male,25.5,0,no,northeast,1708.0
29,male,31.7,2,no,northwest,4433.39
54,female,31.2,0,no,southeast,10338.93
46,male,26.6,1,no,southeast,7742.11
60,male,24.3,1,no,northwest,13112.6
27,male,32.6,3,no,northeast,4846.92
43,male,20.1,2,yes,southeast,18767.74
62,male,21.4,0,no,southwest,12957.12
20,male,39.4,2,yes,southwest,38344.57
30,female,33.3,1,no,southeast,4151.03
26,male,30.0,1,no,southwest,2904.09
64,female,39.3,0,no,northeast,14901.52
26,male,31.1,0,no,northwest,2699.57
41,male,34.2,1,no,southeast,6289.75
58,male,34.9,0,no,northeast,11944.59
18,male,23.3,1,no,southeast,1711.03
19,male,37.0,0,yes,northwest,36219.41
23,female,42.8,1,yes,northeast,40904.2
37,female,30.8,0,yes,northeast,37270.15
45,male,21.4,0,no,northwest,7222.79
23,female,36.7,2,yes,northeast,38511.63
54,male,30.2,0,no,northwest,10231.5
43,female,20.0,2,yes,northeast,19798.05
47,female,33.3,0,no,northeast,20878.78
19,male,31.9,0,yes,northwest,33750.29
56,male,33.6,0,yes,northwest,43921.18
31,female,29.1,0,no,southwest,3761.29
53,male,31.4,0,no,southeast,27346.04
19,male,27.8,0,no,northwest,1635.73
49,male,25.8,2,yes,northwest,23807.24
58,male,37.0,2,yes,northwest,47496.49
59,male,25.5,1,no,northeast,12913.99
49,male,30.3,0,no,southwest,8116.68
56,female,41.9,0,no,southeast,11093.62
40,male,35.3,3,no,southwest,7196.87
54,female,46.7,2,no,southwest,11538.42
24,female,30.1,3,no,southwest,4234.93
21,female,26.4,1,no,southwest,2597.78
59,female,36.8,1,yes,northeast,47896.79
49,female,41.5,4,no,southeast,10977.21
27,female,32.4,1,no,northeast,18903.49
40,female,29.3,4,no,southwest,15828.82
57,male,33.6,1,no,northwest,11945.13
21,female,34.9,0,no,southeast,2020.55
21,male,25.7,2,no,northeast,3279.87
64,male,37.0,2,yes,southeast,49577.66
22,male,34.8,3,no,southwest,3443.06
55,male,29.9,0,no,southwest,10214.64
30,female,43.1,2,no,southeast,4753.64
32,female,20.5,0,no,northeast,4544.23
19,male,34.1,0,no,southwest,1261.44
25,male,27.6,0,no,northwest,2523.17
31,male,36.3,2,yes,southwest,38711.0
37,female,34.1,1,no,northwest,6112.35
41,male,23.9,1,no,northeast,6858.48
64,male,37.9,0,no,northwest,14210.54
32,female,44.2,0,no,southeast,3994.18
46,male,33.3,1,no,northeast,8334.46
63,female,31.8,0,no,southwest,13880.95
47,male,19.6,1,no,northwest,8428.07
39,male,24.5,2,no,northwest,6710.19
62,male,27.6,1,no,northwest,13937.67
44,female,36.5,0,no,northeast,12797.21
20,female,33.3,0,no,southwest,1880.49
31,female,23.6,2,no,southwest,4931.65
30,female,28.4,1,yes,southeast,19521.97
60,male,37.0,0,no,northeast,12741.17
24,female,39.5,0,no,southeast,2480.98
29,female,27.9,1,yes,southeast,19107.78
59,male,41.1,1,yes,southeast,48970.25
44,female,38.1,0,yes,southeast,48885.14
22,female,23.2,0,no,northeast,2731.91
53,female,22.6,3,yes,northeast,24873.38
33,female,18.5,1,no,southwest,4766.02
55,female,30.5,0,no,southwest,10704.47
57,male,40.3,0,no,northeast,20709.02
35,male,30.5,1,no,southwest,4751.07
47,female,24.1,1,no,southwest,26236.58
25,female,26.8,2,no,northwest,4189.11
20,male,35.6,3,yes,northwest,37465.34
18,male,23.0,0,no,northeast,1704.57
46,female,27.7,0,no,northwest,8026.67
21,male,20.2,3,no,northeast,3861.21
21,male,23.8,2,no,northwest,3077.1
40,male,30.9,4,no,northwest,8162.72
18,male,21.5,0,no,northeast,1702.46
19,female,28.3,0,yes,southwest,17081.08
63,male,35.1,0,yes,southeast,47055.53
22,male,35.6,0,yes,southwest,35585.58
58,female,27.2,0,no,northwest,12222.9
55,male,27.6,0,no,northwest,10594.5
61,male,36.1,3,no,southwest,27941.29
50,female,46.1,1,no,southeast,9549.57
42,male,26.3,1,no,northwest,6940.91
55,male,32.7,1,no,southeast,10807.49
42,male,36.0,2,no,southeast,7160.33
25,male,26.8,3,no,southwest,3906.13
37,female,34.8,2,yes,southwest,39836.52
48,female,33.3,0,no,southeast,8283.68
32,male,28.9,0,no,northwest,3866.86
56,male,20.0,0,yes,northeast,22412.65
31,male,30.9,0,no,northeast,3857.76
59,male,37.4,0,no,southwest,21797.0
41,male,28.4,1,no,northwest,6664.69
62,male,32.0,0,yes,northeast,45710.21
28,male,29.3,2,no,northeast,4438.26
50,female,27.6,1,yes,southwest,24520.26
45,female,25.7,3,no,southwest,9101.8
46,female,35.5,0,yes,northeast,42111.66
20,female,29.0,0,no,northwest,2257.48
21,female,34.6,0,no,southwest,2020.18
36,female,25.8,0,no,northwest,5266.37
34,male,27.8,1,yes,northwest,20009.63
43,female,26.7,2,yes,southwest,22478.6
44,female,25.8,1,no,southwest,7624.63
41,female,32.2,1,no,southwest,6775.96
49,female,27.1,1,no,southwest,26140.36
44,male,31.4,1,yes,northeast,39556.49
20,male,22.0,1,no,southwest,1964.78
38,male,28.3,1,no,southeast,5484.47
38,male,38.4,3,yes,southeast,41949.24
56,female,37.5,2,no,southeast,12265.51
20,female,26.8,1,yes,southeast,17085.27
38,female,27.6,0,no,southwest,5383.54
39,female,32.8,0,no,southwest,5649.72
46,female,30.2,2,no,southwest,8825.09
25,male,29.7,3,yes,southwest,19933.46
22,male,32.1,0,no,northwest,2055.32
29,female,25.6,4,no,southwest,5708.87
56,male,25.9,0,no,northeast,11165.42
44,female,39.0,0,yes,northwest,42983.46
41,male,28.8,1,no,southwest,6282.24
55,female,40.8,3,no,southeast,12485.8
18,female,31.4,4,no,northeast,4561.19
53,male,36.1,1,no,southwest,10085.85
64,female,33.0,0,no,northwest,14692.67
49,female,42.7,2,no,southeast,9800.89
24,male,28.5,0,yes,northeast,35147.53
46,male,39.4,1,no,northeast,8342.91
45,male,30.5,2,no,northwest,8413.46
22,female,30.4,0,no,northeast,2741.95
37,female,27.7,3,no,northwest,7281.51
51,male,24.4,4,no,northwest,11520.1
42,male,28.3,3,yes,northwest,32787.46
29,female,31.2,0,no,northeast,3943.6
41,female,33.1,2,no,northwest,7749.16
30,male,38.8,1,no,southeast,18963.17
52,female,38.4,2,no,northeast,11396.9
22,female,31.0,3,yes,southeast,35595.59
61,male,23.7,0,no,northeast,13129.6
54,male,31.6,0,no,southwest,9850.43
63,male,31.4,0,no,northeast,13974.46
31,female,26.6,0,no,southeast,3757.84
36,female,29.9,0,no,southeast,4889.04
61,female,25.1,0,no,southeast,24513.09
47,female,27.8,0,yes,southeast,23065.42
18,male,31.7,2,yes,southeast,34303.17
45,male,33.7,1,no,southwest,7445.92
56,female,27.2,0,no,southwest,11073.18
43,male,30.1,3,no,northwest,8410.05
45,male,36.5,2,yes,northwest,42760.5
52,female,18.3,0,no,northwest,9991.04
20,female,30.6,0,no,northeast,2459.72
48,male,29.6,0,no,southwest,21232.18
37,female,25.6,1,yes,northeast,20296.86
27,female,25.2,0,no,northeast,3558.62
26,male,17.7,0,no,northwest,2680.95
22,female,24.3,0,no,southwest,2150.47
63,female,27.0,0,yes,northwest,28950.47
28,female,23.8,2,no,northwest,4719.74
19,female,39.6,1,no,northwest,2730.11
53,female,23.8,2,no,northeast,11729.68
20,female,31.5,0,no,southeast,1877.93
33,female,19.1,2,yes,northeast,16776.3
53,male,31.2,1,no,northwest,10461.98
18,female,36.9,0,no,southeast,1629.83
